ID,True_Label,Pred_Label,Pred_Prob
8011,1,0,0.4032094560644718
6229,1,0,0.4399265286404631
9527,1,0,0.3800095012149323
7707,0,0,0.489341443921126
4071,0,0,0.4000881746991586
