ID,True_Label,Pred_Label,Pred_Prob
8011,1,0,0.3750979937473404
6229,1,1,0.5266722890341672
9527,1,0,0.4927944135772747
7707,0,0,0.4333894896715177
4071,0,0,0.4050695329650068
