ID,True_Label,Pred_Label,Pred_Prob
8011,1,1,0.6906546865450758
6229,1,1,0.7699579870645085
9527,1,1,0.7598445779210422
7707,0,1,0.5518481145867589
4071,0,1,0.6907417930655377
