ID,feature_301,feature_442,feature_222,feature_305,feature_225,feature_202,feature_376,feature_199,feature_504,feature_486,feature_490,feature_3,feature_221,feature_422,feature_501,feature_230,feature_140,feature_1,feature_118,feature_48,label
8011,0.159435569,-0.720824238,-1.952647963,-0.092326329,-1.021419074,0.232859775,0.63160819,1.553852088,-0.374435277,0.755625138,-0.738234514,0.178449766,1.69680067,-0.716486056,-0.262828421,-0.912323787,-0.114880679,-0.666725602,-0.858911514,1.071544649,1
6229,0,0.231025953,0.451960671,0.617238527,1.813942634,0.289998327,-0.526317936,0.726629443,0.409960702,0.73759923,-0.042030786,0.277590173,1.011655291,-0.073962704,1.304629794,-0.504569087,-0.174182671,0.656107102,0.13061612,0.500428034,1
9527,0,-0.776650718,-0.578387595,0.088761065,-0.184131097,1.003251868,-0.336377073,1.325727222,0.066561116,-0.11818679,-0.685033546,-0.983400119,0.414269458,-0.439860189,-0.060652107,-0.805433023,0.258851408,-0.588592901,-0.564153652,0.072586767,1
7707,0,0.372332253,0.08524478,-0.194319194,0.91152129,-0.651041172,1.816332105,0.454069985,1.641042988,0.30454443,-0.469205581,0.205731018,0.898629133,1.043859234,-0.111582315,1.526978616,0.858220635,-0.104845631,-0.12018424,-0.1180973,0
4071,0.428693666,0.19337711,-0.066675187,0.530758637,-0.766047566,-0.373602984,2.451650558,-0.230153854,-0.050168564,-0.283085273,-0.042896572,-0.816027169,-0.031662621,0.628877834,1.025361166,-0.091124765,-0.050657601,0.368511797,-0.510056608,0.251146307,0
