ID,wavelet-L_ngtdm_Busyness,original_glszm_SmallAreaLowGrayLevelEmphasis,wavelet-H_ngtdm_Strength,wavelet-L_glcm_Idmn,wavelet-H_gldm_DependenceVariance,wavelet-L_firstorder_TotalEnergy,wavelet-L_firstorder_Skewness,original_glszm_LargeAreaHighGrayLevelEmphasis,wavelet-L_glszm_LowGrayLevelZoneEmphasis,wavelet-L_glszm_LargeAreaHighGrayLevelEmphasis,wavelet-L_glszm_SmallAreaLowGrayLevelEmphasis,wavelet-L_ngtdm_Coarseness,wavelet-H_firstorder_Mean,wavelet-H_glszm_LargeAreaLowGrayLevelEmphasis,wavelet-L_glszm_SizeZoneNonUniformity,label
8011,0.011543165,0.15065532,0.080680581,0.814005472,0.161738524,0.011251356,0.233920749,0.131368338,0.103585106,0.150868002,0.068914203,0.396227474,0.336437776,0.149962159,0.016857941,1
6229,0.109521764,0.359126414,0.019009469,0.850540289,0.300955211,0.037341761,0.30033587,0.072960032,0.195600762,0.116443158,0.129912589,0.059561008,0.449533715,0.183948037,0.055099377,1
9527,0.019359671,0.125928721,0.072687664,0.797868813,0.228638248,0.015877933,0.212454276,0.111366344,0.084300786,0.135887127,0.056969054,0.252774361,0.396227146,0.225769449,0.027030402,1
7707,0.027967149,0.051400376,1,0.942166971,0.465670423,0.079685138,0.2880146,0.368411663,0.087825331,0.333590529,0.039582306,0.15362763,0.443761492,0.014593471,0.040280727,0
4071,0.169579077,0.246147378,0.008130307,0.842660368,0.593620326,0.045744,0.293172115,0.201340673,0.098064683,0.284832921,0.029981004,0.033438748,0.335082437,0.170044491,0.072603568,0
